<?xml version='1.1' encoding='UTF-8'?>
<org.jvnet.hudson.plugins.backup.BackupConfig plugin="backup@1.6.1">
  <targetDirectory>C:\Users\1820035\Downloads\</targetDirectory>
  <verbose>false</verbose>
  <xmlOnly>true</xmlOnly>
  <noShutdown>false</noShutdown>
  <fileNameTemplate>Cyro_Stan_Assignment.zip</fileNameTemplate>
  <archiveType>ZIP</archiveType>
  <keepWorkspaces>false</keepWorkspaces>
  <keepFingerprints>false</keepFingerprints>
  <keepBuilds>false</keepBuilds>
  <keepArchives>false</keepArchives>
  <jobIncludes></jobIncludes>
  <jobExcludes></jobExcludes>
  <caseSensitive>false</caseSensitive>
  <customExclusions/>
</org.jvnet.hudson.plugins.backup.BackupConfig>