<?xml version='1.1' encoding='UTF-8'?>
<hudson.plugins.msbuild.MsBuildBuilder_-DescriptorImpl plugin="msbuild@1.29">
  <installations>
    <hudson.plugins.msbuild.MsBuildInstallation>
      <name>MsBuildLocal</name>
      <home>C:\Windows\Microsoft.NET\Framework64\v4.0.30319\MSBuild.exe</home>
      <properties/>
    </hudson.plugins.msbuild.MsBuildInstallation>
    <hudson.plugins.msbuild.MsBuildInstallation>
      <name>MSBuildVsPro</name>
      <home>C:\Program Files (x86)\Microsoft Visual Studio\2017\Professional\MSBuild\15.0\Bin\MSBuild.exe</home>
      <properties/>
    </hudson.plugins.msbuild.MsBuildInstallation>
    <hudson.plugins.msbuild.MsBuildInstallation>
      <name>MSBuildVsCom</name>
      <home>C:\Program Files (x86)\Microsoft Visual Studio\2017\Community\MSBuild\15.0\Bin\MSBuild.exe</home>
      <properties/>
    </hudson.plugins.msbuild.MsBuildInstallation>
  </installations>
</hudson.plugins.msbuild.MsBuildBuilder_-DescriptorImpl>